{"cameraMode":{"drawMode":0,"name":"Shaded","section":"Shading Mode"},"sceneLighting":true,"audioPlay":false,"sceneViewState":{"showFog":true,"showMaterialUpdate":false,"showSkybox":true,"showFlares":true,"showImageEffects":true,"showParticleSystems":true},"in2DMode":false,"pivot":{"x":-1.3861267566680909,"y":5.8974385261535648,"z":-4.196414947509766},"rotation":{"x":-0.09981096535921097,"y":0.10188830643892288,"z":-0.010273082181811333,"w":-0.989808201789856},"size":13.286437034606934,"orthographic":false}