{"cameraMode":{"drawMode":0,"name":"Shaded","section":"Shading Mode"},"sceneLighting":true,"audioPlay":false,"sceneViewState":{"showFog":true,"showMaterialUpdate":false,"showSkybox":true,"showFlares":true,"showImageEffects":true,"showParticleSystems":true},"in2DMode":false,"pivot":{"x":25.129837036132814,"y":7.830448627471924,"z":-24.924556732177736},"rotation":{"x":-0.10926172137260437,"y":-0.023288801312446595,"z":0.00252650142647326,"w":-0.9938363432884216},"size":8.537485122680664,"orthographic":false}