{"cameraMode":{"drawMode":0,"name":"Shaded","section":"Shading Mode"},"sceneLighting":true,"audioPlay":false,"sceneViewState":{"showFog":true,"showMaterialUpdate":false,"showSkybox":true,"showFlares":true,"showImageEffects":true,"showParticleSystems":true},"in2DMode":false,"pivot":{"x":-31.353052139282228,"y":7.516903877258301,"z":13.51465129852295},"rotation":{"x":-0.006001991219818592,"y":-0.014428749680519104,"z":-0.00005557352415053174,"w":-1.0000760555267335},"size":47.09221649169922,"orthographic":false}